Industry,1969,1970,1971,1972,1973,1974,1975,1976,1977,1978,1979,1980,1981,1982,1983,1984,1985,1986,1987,1988,1989,1990,1991,1992,1993,1994,1995,1996,1997,1998,1999,2000
Personal..income..(thousands..of..dollars),0.793388152,0.792471819,0.78988984,0.785646837,0.775750302,0.778397438,0.77650503,0.776510987,0.776762427,0.77469551,0.773667397,0.777475245,0.775118104,0.776449493,0.779090195,0.778584208,0.781878239,0.785054169,0.787773499,0.791376001,0.790967935,0.791931277,0.790646696,0.788969491,0.78827881,0.78646191,0.78846861,0.787490762,0.788741336,0.791537945,0.793530713,0.796685502
Population..(persons)..2/,0.737544226,0.738657662,0.737723793,0.736172232,0.734842362,0.734089477,0.732256525,0.731145124,0.729864069,0.729195314,0.727982707,0.727771903,0.728082568,0.728464218,0.72916484,0.730131812,0.73176082,0.733807852,0.735594214,0.73702827,0.738450656,0.73974895,0.740532135,0.740919849,0.740900375,0.740744942,0.740392748,0.740450501,0.74082392,0.741437553,0.74215425,0.742975744
Per..capita..personal..income..(dollars),0.137688889,0.132722361,0.131154336,0.131646936,0.145098515,0.134274938,0.13532127,0.123003996,0.121804411,0.119439241,0.11901027,0.126133692,0.119558133,0.120321181,0.122050025,0.118939902,0.12037483,0.121419536,0.121209068,0.124311738,0.120416543,0.1191975,0.114654514,0.111198305,0.112831469,0.11019056,0.113159073,0.11564888,0.114942049,0.119790698,0.122062548,0.125578712
"..Dividends,..interest,..and..rent..5/",0.811443485,0.807191467,0.803891873,0.799729915,0.792812765,0.790476808,0.783507985,0.78217352,0.779004406,0.77845126,0.776560289,0.773004872,0.772875145,0.769412026,0.769444622,0.773603695,0.775773216,0.778698393,0.783885067,0.79010763,0.7923766,0.797533967,0.796565568,0.796259524,0.797050188,0.798131585,0.799018719,0.79932113,0.800000923,0.801897402,0.803568344,0.806333931
..Farm..earnings,0.542093659,0.543286293,0.539646065,0.532280031,0.54358865,0.593041966,0.598749078,0.587267313,0.622386924,0.610292694,0.597242495,0.755144505,0.641356258,0.650469131,0.788787579,0.64816281,0.656798432,0.67424025,0.657977765,0.676431494,0.627671149,0.626284435,0.647625454,0.60296233,0.652114132,0.630390827,0.710264266,0.661880429,0.669159904,0.684007509,0.688833186,0.660916999
..Nonfarm..earnings,0.832540879,0.831348826,0.828672197,0.827038298,0.825321268,0.823107797,0.820809981,0.816968853,0.817490991,0.816866996,0.816807561,0.81859613,0.819701321,0.822099439,0.822993154,0.824349889,0.827615198,0.830384081,0.832655229,0.833868133,0.833600121,0.833849877,0.832247623,0.831460068,0.829533883,0.827859604,0.828582363,0.829982247,0.830929658,0.833167985,0.835263268,0.839318786
....Private..nonfarm..earnings,0.839627834,0.838153622,0.835016156,0.832918146,0.831096871,0.828427648,0.825998948,0.821658204,0.822617982,0.821983687,0.822328843,0.824601591,0.826100249,0.829127415,0.829976724,0.831171534,0.835175394,0.83823432,0.84078281,0.842032566,0.841644088,0.842228066,0.840670352,0.840020519,0.837935333,0.83621603,0.837308384,0.839139183,0.840094424,0.842531131,0.844981097,0.849586228
"......Agricultural..services,..forestry,..and..fishing",0.726514428,0.729008777,0.727390738,0.725375625,0.729547647,0.728759284,0.734307489,0.736932254,0.757067705,0.76390838,0.764822864,0.768102776,0.75657968,0.766176593,0.749973803,0.742669305,0.757546391,0.773215395,0.766931871,0.768447883,0.774953165,0.776241522,0.782590046,0.779903272,0.776112865,0.776349913,0.780276137,0.781051992,0.774332228,0.748413467,0.748365553,0.750666944
........Agricultural..services,0.742852014,0.745638745,0.745826173,0.74386998,0.747926445,0.747018538,0.752800245,0.7538676,0.770695911,0.775711504,0.775866366,0.781199853,0.774796058,0.775268146,0.775750605,0.773813484,0.779289726,0.789252278,0.77509467,0.777880877,0.786229085,0.78693804,0.794391586,0.792417954,0.790582681,0.792800747,0.792981342,0.794007625,0.788766298,0.751067341,0.766512318,0.76709515
........Forestry..and..fishing,0.903668481,0.899884961,0.894952217,0.890263347,0.892691332,0.890329934,0.891724521,0.897879607,0.917629205,0.925949451,0.926890752,0.923324766,0.902015009,0.940186002,0.864955397,0.831512433,0.887854418,0.899901101,0.92800259,0.915084105,0.917153885,0.91828139,0.912219981,0.915650009,0.906881671,0.892265547,0.907502934,0.917381341,0.904750368,0.91441326,0.912802888,0.913227924
..........Forestry,0.867810598,0.860798553,0.85283343,0.859089674,0.860751264,0.857913266,0.858775982,0.857325849,0.88139409,0.88241316,0.882319521,0.883295699,0.863949923,0.948506038,0.806560893,0.793615866,0.817937037,0.832349251,0.956090179,0.944828451,0.9423167,0.934354442,0.887435711,0.900722862,0.897620613,0.895796929,0.933608187,0.953471709,0.945418772,0.940053515,0.934498574,0.937689193
..........Fishing,0.960945341,0.959477566,0.960343805,0.95911937,0.960944722,0.956678887,0.957347879,0.958414128,0.960100278,0.962495311,0.96065389,0.959767083,0.960357875,0.963329843,0.958936066,0.967300495,0.951960267,0.943773637,0.941144093,0.952917467,0.957444896,0.961105992,0.956201127,0.959594216,0.957025261,0.950151125,0.954257353,0.949725754,0.944017876,0.951210607,0.952263525,0.954389911
......Mining,0.866436564,0.868980771,0.873493519,0.868484163,0.864753839,0.852979883,0.853883077,0.854902285,0.852168768,0.85929647,0.859898964,0.851400553,0.856117591,0.866500411,0.88056817,0.874083476,0.870239794,0.896261125,0.893589671,0.882708422,0.888223763,0.892320158,0.888300031,0.887420371,0.888998884,0.885456504,0.889649313,0.892211327,0.895835442,0.88566587,0.883578447,0.890202084
........Metal..mining,0.994370841,0.994716008,0.994279442,0.995711054,0.995976001,0.994502778,0.995901406,0.996245517,0.993748217,0.994100537,0.994397612,0.995245572,0.994737931,0.995177899,0.995003252,0.994192318,0.994840753,0.989915931,0.990829079,0.988408224,0.987962603,0.993439081,0.994630399,0.994503256,0.994131001,0.994067823,0.994838418,0.995714609,0.995479795,0.995436463,0.995907053,0.99686022
........Coal..mining,0.981656839,0.979981468,0.979453195,0.98013123,0.979218325,0.975050543,0.975517168,0.977573966,0.971150443,0.970897901,0.973174986,0.975945197,0.975446308,0.979459182,0.979521398,0.977171993,0.976304392,0.985421553,0.986939805,0.970150019,0.974662943,0.973572369,0.964221746,0.965208937,0.965878668,0.967232266,0.9753968,0.977264504,0.978292088,0.982831526,0.981247385,0.985927073
........Oil..and..gas..extraction,0.931273044,0.935168452,0.948201921,0.93077618,0.927026461,0.911072586,0.906543824,0.903633308,0.902941129,0.915245852,0.913736274,0.903241228,0.907288833,0.915983362,0.936213425,0.932458364,0.923611978,0.951821196,0.945934066,0.955818517,0.959843356,0.962468031,0.973184448,0.970505402,0.967994169,0.968829836,0.972610537,0.971505551,0.97146835,0.980336754,0.980894372,0.979015526
"........Nonmetallic..minerals,..except..fuels",0.890574954,0.884524398,0.885814327,0.885837571,0.884594961,0.883956425,0.887038671,0.891488398,0.896378831,0.899342084,0.906308446,0.911164297,0.917072148,0.915302313,0.907748157,0.905522342,0.90930269,0.917189488,0.918523483,0.906996883,0.906065421,0.906026435,0.888996262,0.879598033,0.878388757,0.872390048,0.867992238,0.866723865,0.867008114,0.890732628,0.893193847,0.894814666
......Construction,0.822282826,0.822942814,0.81937137,0.814136274,0.812203453,0.80616014,0.800174158,0.789414912,0.789342475,0.789813254,0.796223681,0.80016021,0.808304823,0.812604526,0.814823739,0.817092584,0.824442742,0.829449579,0.831283185,0.833264221,0.832504708,0.828783148,0.821073508,0.811883062,0.806286457,0.803629365,0.803656996,0.804335662,0.808230351,0.802377406,0.80636968,0.814079983
........General..building..contractors,0.819669608,0.822168353,0.816225714,0.817465205,0.812170954,0.80460935,0.793170826,0.778503921,0.777514331,0.781760481,0.788490351,0.796886977,0.807831548,0.815313002,0.812399167,0.816910767,0.82699586,0.829557261,0.832012642,0.836449129,0.83863962,0.833528616,0.82640807,0.818031145,0.808965652,0.807044493,0.801068148,0.801423644,0.804079463,0.794254473,0.798151225,0.806212635
........Heavy..construction..contractors,0.822414612,0.821736116,0.819779147,0.816589697,0.814532485,0.814559305,0.826123274,0.825463453,0.822619502,0.81878122,0.823010788,0.831760937,0.841196344,0.848444535,0.839945157,0.829337487,0.823267508,0.825502117,0.820918544,0.823794586,0.825319778,0.823783751,0.827418224,0.820149315,0.812572473,0.812014099,0.800433127,0.798504324,0.794637416,0.780458197,0.777098817,0.782178501
........Special..trade..contractors,0.839095302,0.83908115,0.835722109,0.825470572,0.82349901,0.817690278,0.810852161,0.799144493,0.801444457,0.801990256,0.810014641,0.810345322,0.816380992,0.819632652,0.826081221,0.828915371,0.834221528,0.840598365,0.841660703,0.842438584,0.84055623,0.836163687,0.828168022,0.818867738,0.81272451,0.810593092,0.810234193,0.811228612,0.81500788,0.807316818,0.810734581,0.817883443
......Manufacturing,0.861862512,0.857427434,0.852270046,0.848699429,0.845933125,0.843353317,0.8432034,0.838054908,0.837104043,0.834988717,0.833297721,0.833814162,0.833240474,0.835018897,0.83220352,0.831557065,0.83332182,0.830913092,0.828322685,0.826789685,0.8243968,0.823274109,0.822502879,0.820704568,0.816509064,0.814071216,0.813179185,0.814799713,0.816077906,0.807452378,0.807019409,0.812183833
........Durable..goods..manufacturing,0.876167845,0.871628526,0.865731805,0.860964478,0.857621349,0.855111418,0.856347661,0.851659101,0.849863804,0.846551192,0.843716914,0.844693256,0.844314876,0.846335292,0.843238917,0.840639757,0.844160722,0.841712437,0.837374281,0.835708105,0.832208505,0.828513757,0.830124114,0.836157649,0.83048078,0.825758,0.819667673,0.824583239,0.822597022,0.811023573,0.810292481,0.815854617
..........Lumber..and..wood..products,0.808227443,0.808621587,0.811714922,0.809733748,0.804844925,0.799502164,0.797013667,0.799789168,0.800887144,0.797900213,0.791358453,0.789712102,0.787782924,0.778978784,0.782438427,0.771453363,0.767830088,0.761447623,0.763262389,0.759587863,0.750093471,0.750714684,0.753105643,0.754960757,0.741949127,0.742094807,0.73690393,0.74420102,0.738247201,0.731252084,0.731010052,0.725352127
..........Furniture..and..fixtures,0.949826386,0.949045477,0.947699938,0.947281256,0.946871171,0.947363616,0.951101863,0.951147552,0.951020626,0.951374446,0.953820166,0.951762121,0.952669257,0.950266123,0.950885769,0.948163863,0.947304492,0.945754714,0.943713668,0.942323588,0.93966995,0.937196575,0.93785537,0.933264389,0.929423488,0.927955826,0.92649201,0.929494251,0.931004281,0.930354549,0.929541204,0.932484441
"..........Stone,..clay,..and..glass..products",0.854053726,0.853695611,0.850467578,0.848297163,0.845573301,0.843245907,0.842210368,0.841680287,0.841055119,0.839445935,0.837912896,0.839410735,0.840538163,0.841338936,0.837324746,0.832787558,0.829271541,0.825676756,0.825041757,0.825721675,0.829474663,0.822456285,0.81950285,0.830075765,0.82240601,0.823018976,0.819020404,0.821736803,0.820454885,0.808465209,0.804242881,0.800963272
..........Primary..metal..industries,0.967066894,0.966500561,0.966301536,0.966096593,0.96623561,0.966066998,0.967001128,0.967041754,0.966064753,0.965756781,0.965071375,0.963941823,0.963227423,0.960342841,0.958388901,0.949238585,0.956614747,0.955886174,0.954153659,0.951629619,0.95165016,0.949489014,0.945523814,0.938273961,0.936716018,0.935522125,0.940170215,0.939272929,0.936543507,0.936576406,0.933686456,0.936171022
..........Fabricated..metal..products,0.924125183,0.921446572,0.919362355,0.918124069,0.916168439,0.913561613,0.912117951,0.910988104,0.909267939,0.906737397,0.904992799,0.9027327,0.900645777,0.894323831,0.893706571,0.892701777,0.893424818,0.890777972,0.886904793,0.886594502,0.880228749,0.873728686,0.871657781,0.871723806,0.866108807,0.863419707,0.856559518,0.858641092,0.853061344,0.847445014,0.840190331,0.840618517
..........Industrial..machinery..and..equipment,0.916035457,0.913729926,0.911507022,0.908446621,0.905797234,0.902921571,0.902105907,0.899723883,0.897942079,0.895629229,0.893385157,0.893135071,0.891758665,0.891930217,0.891044169,0.88922672,0.88917364,0.88637839,0.88187941,0.881569782,0.876948893,0.873862085,0.875385227,0.87690166,0.87215393,0.869417156,0.866290354,0.869482647,0.86910359,0.86549137,0.868663067,0.873119813
..........Electronic..and..other..electric..equipment,0.958721274,0.957939038,0.956345523,0.954541587,0.952932822,0.952112905,0.953600575,0.951836108,0.951134221,0.950266636,0.949611403,0.95119804,0.950282567,0.949829598,0.950168272,0.947846048,0.947416446,0.947799794,0.946244092,0.940170867,0.93805812,0.936928432,0.936413015,0.934463774,0.933214173,0.932294011,0.934502034,0.935676019,0.935980331,0.937251815,0.937951546,0.945035997
..........Motor..vehicles..and..equipment,0.981120401,0.980093503,0.981017754,0.98054143,0.979964127,0.977687199,0.977038071,0.977859754,0.977361484,0.976277118,0.973595048,0.971923033,0.97076349,0.989929469,0.989789383,0.989816332,0.989685465,0.988659568,0.986564123,0.984385445,0.984574665,0.982405515,0.982457792,0.979275203,0.952578594,0.963247823,0.952053395,0.950650646,0.970523739,0.978574466,0.978047041,0.980987949
..........Other..transportation..equipment,0.983373329,0.981600179,0.979044861,0.977933085,0.977088245,0.979738081,0.984775831,0.984143503,0.983904347,0.984048112,0.984862911,0.985465154,0.984833421,0.986587803,0.987341523,0.986707527,0.98680848,0.986737365,0.986943898,0.98602985,0.986017154,0.98600588,0.985706677,0.983494422,0.979882242,0.976113907,0.973273268,0.972264638,0.970630187,0.979874182,0.981963602,0.981952483
..........Instruments..and..related..products,0.983292598,0.983366546,0.983274994,0.982835113,0.982242969,0.98198049,0.981505236,0.980891837,0.980287448,0.979753087,0.979638899,0.979698699,0.979602947,0.978831741,0.978242278,0.977350379,0.97680967,0.976012984,0.974132232,0.974389661,0.973561652,0.971330171,0.969580998,0.969278682,0.967151808,0.965394534,0.964878035,0.964869408,0.964424708,0.963555271,0.963227276,0.965250867
..........Miscellaneous..manufacturing..industries,0.96404962,0.964032073,0.962673883,0.961688753,0.960343532,0.959151068,0.958838833,0.959457045,0.958549236,0.957813843,0.958380197,0.959039475,0.958887342,0.957276797,0.955668113,0.954878851,0.950761274,0.949369207,0.948128768,0.944358414,0.943688854,0.941053832,0.938750786,0.939810841,0.934613363,0.931866763,0.931059364,0.928444334,0.925626338,0.924400522,0.923293484,0.923139627
..........Ordnance..8/,0.988376914,0.988778,0.989380411,0.989555769,0.989994767,0.990599733,NaN,NaN,NaN,NaN,NaN,NaN,NaN,NaN,NaN,NaN,NaN,NaN,NaN,NaN,NaN,NaN,NaN,NaN,NaN,NaN,NaN,NaN,NaN,NaN,NaN,NaN
........Nondurable..goods..manufacturing,0.824209788,0.820910516,0.817561114,0.814625371,0.811024834,0.807884806,0.807593506,0.801975797,0.801304007,0.799744746,0.797622096,0.796867404,0.796290351,0.79864464,0.79665356,0.796375742,0.79654048,0.794526995,0.794440907,0.795933817,0.793291032,0.791799242,0.793088034,0.806932936,0.804221759,0.801756438,0.801408027,0.807141073,0.806434727,0.790703234,0.791182717,0.79747739
..........Food..and..kindred..products,0.845718288,0.844071348,0.842992702,0.841502588,0.840296495,0.837976297,0.83699323,0.834886305,0.833743372,0.832393971,0.830804055,0.831294138,0.83100346,0.825913047,0.824629674,0.824258832,0.825309348,0.82783837,0.825986192,0.826939748,0.830146576,0.831959441,0.832683924,0.834692837,0.834734011,0.831340678,0.835090571,0.834146214,0.837618932,0.83430812,0.830190009,0.836640081
..........Tobacco..products,0.994479523,0.994571603,0.994693116,0.994875336,0.995147165,0.995159315,0.995508423,0.99577229,0.995788537,0.995827261,0.995889781,0.995978346,0.996084916,0.996426249,0.996288673,0.996028252,0.996125792,0.996233623,0.998929725,0.999052815,0.999250133,0.999312431,0.997231991,0.996801796,0.996731832,0.996811502,0.996568973,0.997979013,0.998541891,0.999126727,0.998890775,0.998849604
..........Textile..mill..products,0.954621357,0.954555923,0.955446646,0.955668921,0.95530377,0.955262018,0.955929783,0.955545826,0.955303409,0.95521237,0.955440101,0.956172753,0.95635018,0.957484596,0.957898766,0.957834674,0.958735985,0.958359424,0.95806768,0.957806493,0.957265498,0.95574981,0.954386399,0.954182013,0.955012761,0.955002996,0.955462048,0.955914396,0.95650067,0.958009721,0.96014782,0.964267009
..........Apparel..and..other..textile..products,0.917863126,0.914483457,0.913419403,0.911235338,0.908288459,0.904402535,0.904177011,0.901305109,0.902986658,0.903690017,0.903154065,0.898975702,0.899306484,0.902801613,0.90223831,0.897460114,0.902546682,0.901930862,0.902827701,0.899601992,0.894720235,0.89383162,0.891207202,0.888559077,0.889313817,0.893302141,0.896545804,0.904906488,0.911398918,0.915256269,0.923191146,0.930762011
..........Paper..and..allied..products,0.946754104,0.94603145,0.945161649,0.945102317,0.944731747,0.945018861,0.944909669,0.944570446,0.94408184,0.943402587,0.943582643,0.944361345,0.944042068,0.944304986,0.943997455,0.942040474,0.942111744,0.94125947,0.939811586,0.939393929,0.937904097,0.936781122,0.933925905,0.931049928,0.932171004,0.929260915,0.928691298,0.926755291,0.924129324,0.923663602,0.921949091,0.926348875
..........Printing..and..publishing,0.896083477,0.894295279,0.891230916,0.889583553,0.88640959,0.883559001,0.880107385,0.877412828,0.873637089,0.871416854,0.868129646,0.869204785,0.86773962,0.869102349,0.867782285,0.86555025,0.863933802,0.862987661,0.862408666,0.866587988,0.864293063,0.861218704,0.86359297,0.883976308,0.884172555,0.884365392,0.883264969,0.883116468,0.884081035,0.866645959,0.864795255,0.865342493
..........Chemicals..and..allied..products,0.952879238,0.952802247,0.952098488,0.951566152,0.951144485,0.950623059,0.950350878,0.949635307,0.949462692,0.949740975,0.949017367,0.949403701,0.9493508,0.949048137,0.948528649,0.946808964,0.94509956,0.943884501,0.943687293,0.942964175,0.942275871,0.943014523,0.939435644,0.944615289,0.942754591,0.939437171,0.938292394,0.938812895,0.937917192,0.935514092,0.934196215,0.936209517
..........Petroleum..and..coal..products,0.976341011,0.976135373,0.975753128,0.974716749,0.973891234,0.973006989,0.973698621,0.973425425,0.973138906,0.972213775,0.970697621,0.971255405,0.971706086,0.973322222,0.973049222,0.971808107,0.971713736,0.969982167,0.970725016,0.97064225,0.969921886,0.969737493,0.970871686,0.969805836,0.968111599,0.968264451,0.968128943,0.96731133,0.968015152,0.985376575,0.985986162,0.987711668
..........Rubber..and..miscellaneous..plastics..products,0.955449347,0.953484752,0.950915196,0.948659613,0.94678619,0.94490562,0.942846789,0.94029871,0.939294612,0.937649515,0.936631797,0.93593671,0.932359666,0.925947974,0.923185332,0.91852687,0.911872487,0.909921721,0.905371736,0.900480482,0.904484634,0.891900632,0.888184115,0.883178058,0.875746117,0.873999584,0.867339881,0.8622982,0.862356399,0.861301066,0.85804303,0.860395877
..........Leather..and..leather..products,0.978507386,0.978382006,0.978078654,0.977452742,0.977013378,0.976795298,0.977373922,0.977136971,0.977791902,0.978410611,0.979624225,0.980553824,0.980152057,0.981526911,0.981525243,0.982257141,0.983206991,0.984063781,0.983945704,0.98474288,0.986124029,0.986473767,0.983574708,0.984650273,0.984863209,0.984360605,0.984283889,0.98306039,0.983760408,0.987779125,0.988814974,0.990236638
......Transportation..and..public..utilities,0.846607189,0.847204889,0.845454741,0.842540882,0.840542497,0.836039594,0.835603003,0.833225659,0.835479126,0.835894223,0.83571941,0.838528983,0.838164008,0.841924204,0.838148674,0.836703419,0.8402437,0.840515817,0.841316967,0.84169583,0.842866251,0.845839076,0.84515415,0.845225318,0.843116883,0.84325328,0.844257046,0.844012603,0.839125419,0.832696436,0.837601474,0.840507204
........Railroad..transportation,0.847331126,0.848704443,0.850194295,0.849660084,0.851350422,0.85276671,0.854601569,0.855677926,0.85826033,0.858353875,0.859819459,0.857774718,0.857589387,0.856285379,0.857771004,0.859210878,0.861233742,0.860092045,0.852490347,0.862830808,0.868938671,0.870499255,0.872212591,0.874461536,0.87360243,0.872627072,0.874392428,0.870953509,0.867024356,0.855151803,0.848768732,0.850221452
........Trucking..and..warehousing,0.838947137,0.835448432,0.835679513,0.830442076,0.829801443,0.821565366,0.815891954,0.812035548,0.819560726,0.819263462,0.816079373,0.817579205,0.815548173,0.805089321,0.801511071,0.794713535,0.797781334,0.796389704,0.796674647,0.785961783,0.782621494,0.784215564,0.782187459,0.780583911,0.775676547,0.775272292,0.776184448,0.774397406,0.761515738,0.749563189,0.748707716,0.75079661
........Water..transportation,0.988168501,0.987291528,0.98620364,0.985610367,0.984758807,0.984281564,0.984323321,0.984165271,0.984268836,0.983822295,0.983771872,0.984098801,0.983519085,0.981821218,0.980591962,0.979962975,0.978752936,0.97882954,0.975543404,0.975164576,0.97602704,0.974880094,0.973369693,0.973203064,0.971618748,0.971300658,0.971749197,0.97127561,0.970812301,0.973689307,0.974279289,0.97523901
........Other..transportation,0.952047514,0.954034851,0.952964481,0.9526359,0.953567697,0.940828235,0.948628175,0.951018276,0.947844265,0.948453369,0.952227186,0.95659955,0.953947799,0.951272734,0.95157456,0.948672952,0.951050585,0.949756277,0.943115135,0.945959925,0.944984304,0.945244387,0.945088718,0.943813502,0.937414103,0.935217294,0.937958826,0.940511143,0.932741914,0.911385851,0.908189275,0.921553509
..........Local..and..interurban..passenger..transit,0.927359584,0.928607703,0.929042923,0.924949551,0.926296887,0.926769807,0.928265994,0.926651589,0.920617046,0.919708678,0.919806191,0.91707318,0.916967399,0.914838635,0.912889352,0.906513824,0.907556463,0.905765327,0.902530705,0.905761461,0.905807228,0.907759054,0.906527972,0.903997825,0.898922686,0.898831914,0.898555632,0.896155459,0.891657125,0.885144662,0.884978726,0.887066742
..........Transportation..by..air,0.986838113,0.987196557,0.986526334,0.986726003,0.986769496,0.985059188,0.985341309,0.984459299,0.985394847,0.984788802,0.98495902,0.983740134,0.984115274,0.984428931,0.983154138,0.983426076,0.983245896,0.982773173,0.981447659,0.971581202,0.971314497,0.967578805,0.96609989,0.964072105,0.963252445,0.960384832,0.959153602,0.963198571,0.963450199,0.958301964,0.958625836,0.959280943
"..........Pipelines,..except..natural..gas",0.987869054,0.988266598,0.988611927,0.989145561,0.989424485,0.989783014,0.990786214,0.991452842,0.992033752,0.992297671,0.992674327,0.993020917,0.992905071,0.992988191,0.993332049,0.992623495,0.992270165,0.992525275,0.992758139,0.992751602,0.992670573,0.99291685,0.991803654,0.991760732,0.991594312,0.992454198,0.991857704,0.99055363,0.990366701,0.994117284,0.991228064,0.995421248
..........Transportation..services,0.962191419,0.960599517,0.954083553,0.951277736,0.947899932,0.90205532,0.927359573,0.941293765,0.930387618,0.931442924,0.938178882,0.966388754,0.954038523,0.946792163,0.948347107,0.947499084,0.945810955,0.938861439,0.937371289,0.936284913,0.936978923,0.939119744,0.941417012,0.93678065,0.932842049,0.935475528,0.934156551,0.931571332,0.926784275,0.925267214,0.924286465,0.924321103
........Communications,0.872957694,0.873649598,0.870989264,0.8693892,0.865479517,0.863861999,0.863028576,0.861629245,0.861825229,0.864350301,0.866821529,0.869566444,0.872995065,0.880416434,0.878623591,0.883620849,0.886063668,0.885927642,0.876589113,0.883398937,0.882607998,0.886131222,0.889254582,0.890443953,0.89246411,0.894577629,0.89737738,0.89968717,0.90017131,0.891446443,0.896301508,0.896205809
"........Electric,..gas,..and..sanitary..services",0.809002889,0.811575764,0.811831502,0.809276407,0.806490428,0.807883737,0.80098204,0.802011507,0.802534536,0.805992746,0.80466909,0.808468176,0.809111346,0.821661397,0.81098683,0.826768064,0.830350499,0.833385428,0.83465746,0.82941154,0.831518423,0.831810203,0.822391432,0.814593367,0.826007139,0.827668323,0.827686242,0.827300886,0.826869358,0.80028209,0.805296921,0.815268684
......Wholesale..trade,0.89685094,0.895818459,0.894142412,0.891894329,0.891636635,0.887382722,0.867480638,0.866547088,0.869443713,0.868826739,0.868712744,0.870958495,0.872664706,0.875420519,0.877367715,0.879747803,0.883182994,0.885699882,0.885792467,0.886788571,0.88549282,0.884011827,0.881936787,0.88142649,0.879169724,0.877731588,0.877475471,0.877655344,0.877325141,0.874588826,0.878199907,0.879422287
......Retail..trade,0.799883766,0.800301021,0.797955585,0.797326184,0.794628439,0.792985619,0.797177178,0.793964249,0.795272697,0.795443982,0.795899647,0.801606492,0.803025423,0.805034886,0.806506375,0.808390533,0.810418628,0.812504635,0.81548528,0.816053956,0.816949221,0.815726787,0.812411305,0.811258886,0.80856251,0.808142391,0.809035396,0.809372675,0.808117538,0.809930113,0.812553807,0.816619852
........Building..materials..and..garden..equipment,0.696206793,0.699418518,0.698114992,0.700452141,0.695005362,0.688540857,0.71681922,0.717472933,0.718006485,0.72199913,0.724962221,0.731070671,0.73401266,0.730840955,0.745713266,0.743587287,0.751137478,0.758510831,0.766547129,0.77306216,0.775128401,0.779071821,0.77344441,0.766836285,0.76333157,0.763674676,0.759848842,0.759793416,0.759690906,0.744895679,0.74467971,0.74959442
........General..merchandise..stores,0.865317547,0.863656005,0.862257352,0.859592371,0.85784736,0.852645646,0.859570269,0.858406973,0.85959752,0.858488235,0.853646013,0.855038596,0.852601904,0.848092268,0.849705752,0.848176915,0.85002484,0.846510947,0.848540843,0.843905749,0.83803617,0.832436357,0.837868714,0.825000606,0.825274881,0.821835425,0.81211618,0.81141142,0.808747686,0.776084531,0.770608026,0.767948536
........Food..stores,0.799318502,0.801021352,0.799030092,0.799146687,0.795505037,0.794699357,0.789406328,0.783890893,0.784042188,0.779754068,0.781535962,0.784366048,0.784589324,0.783781824,0.78441451,0.782780279,0.784798608,0.788258594,0.789664894,0.789856731,0.789565552,0.786285737,0.784208045,0.783098579,0.782238509,0.780302543,0.781213099,0.781776231,0.780672891,0.775997903,0.779920103,0.782535832
........Automotive..dealers..and..service..stations,0.762296491,0.7612405,0.760928015,0.760865293,0.758486952,0.75192849,0.753268339,0.751473882,0.755406272,0.758224785,0.755773078,0.762616852,0.768042222,0.769727022,0.7739083,0.781941341,0.783786468,0.790272009,0.790295343,0.78937202,0.790917786,0.788548528,0.782191172,0.783272346,0.780887068,0.78096431,0.78092775,0.781109056,0.780120367,0.776623524,0.77993114,0.783540891
........Apparel..and..accessory..stores,0.865236729,0.864711549,0.860908576,0.854592851,0.85064993,0.852396088,0.844431283,0.844350197,0.839883498,0.838527445,0.843822428,0.850181992,0.853515125,0.854610424,0.848812917,0.848321695,0.856295737,0.865595629,0.873099086,0.879125863,0.886433998,0.885049209,0.878568738,0.886227886,0.885307502,0.885979791,0.886966342,0.88922835,0.890137252,0.868683406,0.871492613,0.877765104
........Home..furniture..and..furnishings..stores,0.814844531,0.814541535,0.811718996,0.809878789,0.80759268,0.811701995,0.803684118,0.796388526,0.802478792,0.806728541,0.813948358,0.819995997,0.823577341,0.821978983,0.816649345,0.830489105,0.832468112,0.831220825,0.840160741,0.848634301,0.847970465,0.845978868,0.853737067,0.863787193,0.859205011,0.860491894,0.85844103,0.858957321,0.859682865,0.84330868,0.845447196,0.850807348
........Eating..and..drinking..places,0.834490802,0.833096108,0.829457715,0.827599688,0.825310469,0.828401739,0.824295496,0.821214558,0.820513485,0.821526123,0.823147327,0.826625807,0.828218465,0.829062648,0.829922431,0.833856969,0.832293064,0.83410245,0.833942609,0.83375582,0.836252245,0.833863396,0.827616956,0.82455287,0.822553874,0.821029882,0.821959557,0.823970176,0.823011837,0.823778788,0.826324679,0.830217495
........Miscellaneous..retail,0.770390335,0.770618147,0.769163276,0.772717366,0.772549023,0.773878161,0.800207143,0.795536628,0.79786552,0.797893587,0.798918326,0.805011427,0.801124252,0.806099444,0.805901944,0.805721123,0.81212232,0.8073915,0.813937993,0.815135994,0.818301789,0.819961921,0.822700057,0.821281293,0.818706837,0.824233098,0.828955141,0.8309577,0.827775565,0.825790554,0.829112511,0.834098895
"......Finance,..insurance,..and..real..estate",0.896450454,0.895197744,0.894045213,0.891746492,0.890493329,0.891752947,0.890647381,0.886065808,0.887513848,0.88805099,0.889601745,0.893180355,0.896494858,0.900115548,0.900502035,0.902181114,0.907848817,0.914669954,0.917401095,0.920295227,0.914541031,0.914800918,0.912771314,0.913260983,0.91176359,0.909804594,0.909217566,0.910592256,0.91182229,0.912510673,0.913611284,0.916225236
........Depository..and..nondepository..institutions,0.839255097,0.84008739,0.838570942,0.838385792,0.836991675,0.835959692,0.834112123,0.831679231,0.829904464,0.829453316,0.829648047,0.83057317,0.832754286,0.838521246,0.84105749,0.842625692,0.845393197,0.853530169,0.857073621,0.875036893,0.877667863,0.875647677,0.874323569,0.87476463,0.872777179,0.870119493,0.870985977,0.869785391,0.865155305,0.870578373,0.872812411,0.871219057
"........Other..finance,..insurance,..and..real..estate",0.898860468,0.898241029,0.896286225,0.893711732,0.892743403,0.897457177,0.897086328,0.889322461,0.891783975,0.891038429,0.893440414,0.899529339,0.903641869,0.9140674,0.911376718,0.911910655,0.916570395,0.924111305,0.924502219,0.929952232,0.926461056,0.925269961,0.922525742,0.92153742,0.918077795,0.916723246,0.917387167,0.914892636,0.912778052,0.914345126,0.914851081,0.91813619
..........Security..and..commodity..brokers,0.989912501,0.989634022,0.989429331,0.988989128,0.988205638,0.988131456,0.987535723,0.987021897,0.987020147,0.987336887,0.987686,0.987023143,0.986057154,0.981455413,0.981468963,0.981896939,0.980906769,0.981532157,0.981343487,0.980806543,0.979396946,0.979928437,0.976630525,0.976735952,0.974276916,0.972686539,0.973226096,0.972057496,0.972308638,0.971433048,0.970549538,0.968765179
..........Insurance..carriers,0.941010057,0.940936002,0.93998981,0.938991114,0.93763343,0.936963141,0.935975114,0.934888863,0.933150069,0.932306532,0.931487894,0.9318346,0.931399309,0.924782457,0.924036361,0.924300706,0.924018775,0.924180207,0.925407782,0.926925857,0.924477982,0.923210828,0.9252715,0.92263419,0.923800699,0.92366423,0.923754751,0.921923676,0.923078103,0.92356806,0.924722248,0.924963299
"..........Insurance..agents,..brokers,..and..services",0.822140247,0.825603274,0.825483703,0.817188387,0.827371724,0.836362694,0.835441113,0.830987056,0.832359538,0.839198423,0.846697119,0.846524348,0.852852243,0.864345236,0.855805062,0.87455048,0.87833245,0.871074405,0.874535547,0.85956384,0.863971228,0.85729226,0.882488421,0.884181207,0.878124323,0.880939275,0.879176811,0.8774937,0.876060139,0.869559183,0.87007736,0.873285316
..........Real..estate,0.907953029,0.913227401,0.907084284,0.90487909,0.904225987,0.912845046,0.910971303,0.894641681,0.895245484,0.890935399,0.891916466,0.9055719,0.924317968,0.937770697,0.927554564,0.913039025,0.941324169,0.958064584,0.962944478,0.972540486,0.957352552,0.972618825,0.925707099,0.914160908,0.909127475,0.901816568,0.902336876,0.899548068,0.895579535,0.884768891,0.885758432,0.887024295
"..........Combined..real..estate,..insurance,..etc....9/",0.890987166,0.889508367,0.888439651,0.876396329,0.870778032,0.890165036,0.899620898,0.882838546,0.883198785,0.887871504,0.89401916,0.895606188,0.935036049,0.965035016,0.957963225,0.951771883,0.963923283,0.974200484,0.971001754,NaN,NaN,NaN,NaN,NaN,NaN,NaN,NaN,NaN,NaN,NaN,NaN,NaN
..........Holding..and..other..investment..offices,0.966440671,0.965034009,0.965780325,0.963023384,0.973871073,0.970867723,0.968742056,0.977432282,0.98013885,0.981086342,0.987345714,0.979527964,0.953133142,0.956972441,0.947008925,0.963469234,0.954526919,0.949226347,0.941237653,0.955564391,0.957486158,0.957577286,0.956917745,0.953003046,0.953492766,0.95136276,0.949432553,0.950075856,0.948435145,0.947592571,0.947312587,0.948502269
......Services,0.853832444,0.855933539,0.854547286,0.855147051,0.856315866,0.857317047,0.855591974,0.853451229,0.854034036,0.854070008,0.856184898,0.855993705,0.859195729,0.861908285,0.863132155,0.865679697,0.869020439,0.871420387,0.874933352,0.876453902,0.877300428,0.878488442,0.875803399,0.87544493,0.874051888,0.872702573,0.872472749,0.87336547,0.87394589,0.873059902,0.874714894,0.879215525
........Hotels..and..other..lodging..places,0.880648628,0.878214976,0.875908711,0.869583523,0.864788998,0.865946193,0.866052141,0.866243018,0.869787399,0.87030188,0.875614843,0.881856378,0.886904266,0.869060152,0.87225384,0.872632294,0.874200409,0.873887067,0.879230028,0.880174281,0.880388644,0.880376313,0.899194243,0.900671389,0.900904149,0.902254311,0.902331595,0.902671381,0.902093157,0.885718024,0.886005206,0.886911818
........Personal..services,0.829994833,0.826625303,0.819795251,0.813997569,0.813407468,0.81081259,0.809693288,0.805679282,0.80993614,0.80925304,0.811655727,0.807612751,0.811561402,0.812427051,0.81139782,0.81498104,0.813965921,0.817089809,0.820761971,0.820111093,0.824701353,0.829955784,0.827739557,0.828401184,0.826247827,0.82840443,0.829849313,0.832604635,0.832589441,0.815023134,0.815364874,0.823258523
........Private..households,0.758527875,0.760339051,0.762915371,0.765508639,0.768213238,0.77126441,0.775196632,0.780102789,0.784363526,0.788831148,0.792250062,0.79569909,0.794183448,0.812214412,0.813042315,0.814577903,0.816858916,0.818741773,0.821176487,0.823284878,0.825787062,0.829059678,0.831029804,0.830938306,0.832478243,0.832682629,0.83559203,0.837198861,0.840246668,0.835341637,0.84103033,0.845319565
........Business..services,0.930622399,0.930652862,0.925920649,0.923042875,0.922416492,0.920556833,0.918897447,0.915589028,0.912718656,0.914329111,0.915679488,0.915031137,0.917076557,0.917035738,0.917515611,0.917656381,0.918548053,0.919712354,0.919938084,0.91434914,0.913622931,0.913645091,0.912526207,0.912571777,0.912640449,0.914710393,0.916868889,0.918795912,0.919215239,0.90716564,0.909483959,0.913690891
"........Automotive..repair,..services,..and..parking",0.804575807,0.807125448,0.801203476,0.794805117,0.797068329,0.796421261,0.795253046,0.793752405,0.814073237,0.816194857,0.820644083,0.805522114,0.807647162,0.81339982,0.811176029,0.813503083,0.818414445,0.824124237,0.828802699,0.827013946,0.830369387,0.83261507,0.830731691,0.831787918,0.828686792,0.829079246,0.83089669,0.829937876,0.830530373,0.813424848,0.818092482,0.821092079
........Miscellaneous..repair..services,0.82019679,0.823311944,0.818347682,0.809326777,0.812563621,0.813326644,0.81242625,0.811387124,0.812268018,0.815308399,0.823388757,0.817415507,0.825478893,0.825153368,0.816088686,0.816587404,0.826992158,0.825220443,0.829939134,0.83334561,0.833778455,0.831268267,0.828944572,0.829133564,0.824073344,0.824617652,0.822782567,0.822989898,0.820540491,0.790126863,0.789843587,0.795573154
........Amusement..and..recreation..services,0.87346175,0.872940969,0.871591051,0.870003318,0.870103654,0.871867036,0.86995619,0.869969675,0.866480638,0.862748568,0.863960143,0.854949251,0.869523871,0.877679522,0.878188848,0.889603693,0.892122164,0.892969843,0.896982305,0.898968409,0.898979317,0.902568599,0.898487912,0.89742119,0.900208833,0.898869838,0.897179208,0.89799876,0.897602863,0.879606834,0.882372884,0.884147992
........Motion..pictures,0.972743241,0.97322855,0.969869653,0.969854326,0.969997133,0.977063862,0.976926836,0.972536826,0.970704663,0.974934423,0.976888889,0.972653941,0.97683742,0.982288592,0.983297478,0.980621108,0.982011342,0.982478627,0.985671947,0.963259049,0.962079759,0.9613964,0.95983961,0.959581713,0.959207553,0.960757595,0.961215631,0.963580481,0.963750145,0.954580368,0.956045,0.95712513
........Health..services,0.838606787,0.841323057,0.843501794,0.846878074,0.849216419,0.849802319,0.850299744,0.84945285,0.84873027,0.848628026,0.848815352,0.851657328,0.852752756,0.85360328,0.853947495,0.855256062,0.856687015,0.857662049,0.860427613,0.858977063,0.859025058,0.859159191,0.857869235,0.856626751,0.85412819,0.852270201,0.849110852,0.846630159,0.84399354,0.837244204,0.837167016,0.83639846
........Legal..services,0.889902542,0.892215507,0.893073687,0.892093789,0.891937667,0.891544582,0.891556404,0.893972947,0.892325055,0.892725815,0.894450688,0.898256003,0.903660739,0.908813744,0.910563475,0.91156823,0.914690111,0.916540204,0.922949138,0.924461485,0.925384931,0.929103967,0.92845522,0.928615019,0.928429731,0.927576697,0.927975667,0.928484842,0.928595333,0.918403346,0.920601008,0.923368465
........Educational..services,0.941960852,0.94223354,0.941113384,0.939410927,0.937578971,0.939614085,0.93945101,0.940893129,0.940422161,0.939708336,0.939131725,0.939148256,0.939544405,0.941828571,0.942531652,0.942943048,0.94326792,0.942680249,0.940194276,0.938432059,0.938384332,0.940357175,0.937619065,0.93810362,0.93622709,0.934151165,0.932875505,0.931696486,0.930373719,0.918747526,0.915482614,0.915365839
........Social..services..10/,NaN,NaN,NaN,NaN,NaN,NaN,0.86230044,0.850830738,0.844462843,0.834393389,0.829658439,0.824968738,0.82772398,0.828720822,0.828079545,0.82749585,0.826968655,0.831118159,0.830705051,0.831992799,0.832448237,0.831852175,0.833705936,0.832968502,0.829119219,0.827665675,0.827423731,0.826277047,0.825501444,0.826522661,0.827570849,0.828052531
"........Museums,..botanical,..zoological..gardens",0.993343367,0.993265735,0.993012233,0.993068434,0.992908602,0.992843191,0.994698109,0.994705652,0.99464867,0.994234288,0.99432842,0.994512553,0.994493177,0.990031308,0.990101429,0.989664592,0.988481324,0.98757558,0.988373339,0.982497964,0.981773647,0.981512979,0.980354524,0.979559834,0.977358111,0.97565749,0.97389805,0.972827237,0.972487407,0.974223732,0.972881791,0.972880488
........Membership..organizations,0.873728712,0.873176297,0.871607379,0.871723068,0.87116549,0.871860898,0.870938111,0.850429436,0.832676281,0.819887471,0.809889777,0.800870896,0.791169983,0.808295637,0.806593883,0.806443153,0.811626,0.811751255,0.811731143,0.809756008,0.809935806,0.811937582,0.808793861,0.809419814,0.806616746,0.805345852,0.801943341,0.802050738,0.800239155,0.767581658,0.766337082,0.766338231
........Engineering..and..management..services..11/,NaN,NaN,NaN,NaN,NaN,NaN,NaN,NaN,NaN,NaN,NaN,NaN,NaN,NaN,NaN,NaN,NaN,NaN,NaN,0.923239829,0.92333552,0.924414323,0.923191381,0.923046167,0.922082908,0.922667275,0.922453556,0.922957327,0.923139435,0.913237643,0.912940752,0.915524266
........Miscellaneous..services,0.892149997,0.892013317,0.887130405,0.885353764,0.882529348,0.881970689,0.875865063,0.876919527,0.875746206,0.877491939,0.880096963,0.880742655,0.886948601,0.893771958,0.894667584,0.895568094,0.898617262,0.900001646,0.904701041,0.885206343,0.882180738,0.880662126,0.871117986,0.857618889,0.856570304,0.811262353,0.802339604,0.809924999,0.808857498,0.847823551,0.848090737,0.861777307
....Government..and..government..enterprises,0.830021541,0.830206455,0.82967803,0.829182914,0.826886559,0.826533315,0.824584347,0.822419624,0.82037029,0.81884478,0.816285985,0.815949514,0.815840415,0.815377884,0.81525355,0.816134388,0.815307745,0.815453118,0.815629573,0.815857431,0.816427661,0.815346284,0.814378506,0.813069041,0.810811447,0.808615355,0.806713371,0.804594784,0.803987863,0.803366648,0.802744129,0.802874599
......Federal..civilian,0.891167538,0.890402882,0.889896501,0.890487455,0.887239983,0.887535254,0.887348354,0.887973917,0.887877774,0.886457138,0.886472354,0.885898777,0.885389802,0.886641164,0.887694235,0.888469195,0.887840146,0.887214567,0.886832843,0.886559923,0.887889432,0.886835738,0.887960706,0.886471127,0.887844449,0.885750513,0.885261905,0.8839035,0.884219523,0.883494246,0.883270532,0.879186763
......Military,0.937964188,0.93617894,0.933706798,0.931934833,0.932770198,0.935873158,0.93602506,0.935733581,0.935120694,0.934945988,0.9338056,0.936768493,0.935402499,0.933240592,0.929923289,0.928979951,0.925159612,0.925436705,0.924124594,0.923171549,0.923744296,0.922727055,0.925511715,0.924500952,0.923348573,0.922310545,0.923356729,0.923366766,0.923351154,0.922649136,0.922005536,0.922695283
......State..and..local,0.797963004,0.800284763,0.801724197,0.802151671,0.801018138,0.800639513,0.79951801,0.796499405,0.794604757,0.793599831,0.791232396,0.79034155,0.789393351,0.788383251,0.788930754,0.790125602,0.790356732,0.792112217,0.794093672,0.795103012,0.796802895,0.796742642,0.795279594,0.794467827,0.792411043,0.79098246,0.789513099,0.787896955,0.787925866,0.788176529,0.788024356,0.789230252
........State..government,NaN,NaN,NaN,NaN,NaN,NaN,NaN,NaN,NaN,NaN,0.845908761,0.846869657,0.846751077,0.847285379,0.847533745,0.849686708,0.849952937,0.851189184,0.851150617,0.852430514,0.853204728,0.852015107,0.850908452,0.850855639,0.850079927,0.849969637,0.849667446,0.847724242,0.848291501,0.848171234,0.859156272,0.860227738
........Local..government,NaN,NaN,NaN,NaN,NaN,NaN,NaN,NaN,NaN,NaN,0.786193538,0.7847425,0.783497408,0.781768261,0.782310804,0.782488103,0.782749777,0.784581436,0.787239819,0.788247866,0.790379802,0.790857549,0.789234632,0.788500708,0.786016162,0.784036108,0.782260009,0.781398801,0.781352662,0.782161806,0.7899858,0.791103563
